id,first_name,last_name,email,gender,age,date_of_work,country,state,DOB
1,Bronnie,Rosenbarg,brosenbarg0@angelfire.com,Male,41,01-10-2023,China,,02-03-1989
2,Grange,Blincowe,gblincowe1@nih.gov,Male,57,24-08-2023,China,,28-03-1986
3,Michal,McCathie,mmccathie2@creativecommons.org,Female,38,24-03-2023,Ireland,,19-10-1989
4,Talia,Rape,trape3@creativecommons.org,Female,54,06-04-2023,Finland,,17-07-1999
5,Perceval,Cogdon,pcogdon4@list-manage.com,Male,29,09-03-2023,China,,19-01-1997
6,Kile,Wardell,kwardell5@de.vu,Male,47,27-11-2023,Japan,,05-02-1993
7,Xylia,Kingswood,xkingswood6@mediafire.com,Female,41,17-03-2023,Czech Republic,,26-09-1994
8,Mano,Charleston,mcharleston7@adobe.com,Male,52,01-10-2023,Chile,,21-11-1993
9,Mahalia,Arkow,markow8@yandex.ru,Female,55,31-01-2024,Laos,,23-01-1995
10,Laraine,Botterell,lbotterell9@comsenz.com,Female,44,14-08-2023,Argentina,,24-02-1987
11,Corry,Axston,caxstona@ibm.com,Female,59,27-09-2023,Lebanon,,09-09-1999
12,Bertram,Demoge,bdemogeb@vkontakte.ru,Male,38,03-06-2023,Czech Republic,,27-08-1995
13,Whitaker,Haughey,whaugheyc@1und1.de,Male,48,02-09-2023,Russia,,28-02-1990
14,Orelle,Wickes,owickesd@gmpg.org,Female,20,28-04-2023,China,,13-03-1980
15,Martha,Kunzler,mkunzlere@microsoft.com,Female,35,24-01-2024,Uganda,,15-06-1979
16,Barrie,Giffon,bgiffonf@globo.com,Genderfluid,58,22-06-2023,Croatia,,24-09-1986
17,Goldie,Thorsen,gthorseng@friendfeed.com,Female,38,10-05-2023,South Africa,,14-11-1999
18,Maury,Elstub,melstubh@fema.gov,Male,34,31-10-2023,Indonesia,,14-07-1991
19,Cletis,Biernacki,cbiernackii@123-reg.co.uk,Male,58,29-06-2023,Finland,,12-10-1999
20,Tulley,Wharfe,twharfej@sun.com,Male,56,19-06-2023,Portugal,Lisboa,07-04-1991
21,Auberon,Newlin,anewlink@gmpg.org,Male,57,08-11-2023,Haiti,,07-10-1989
22,Michael,Manktelow,mmanktelowl@jiathis.com,Male,48,04-04-2023,Russia,,09-07-1985
23,Vonni,Bertrand,vbertrandm@skyrock.com,Female,41,28-09-2023,Vietnam,,18-03-1989
24,Craggie,Dudenie,cdudenien@kickstarter.com,Polygender,44,30-10-2023,China,,20-10-1984
25,Yorker,Monketon,ymonketono@house.gov,Male,44,20-06-2023,Philippines,,16-12-1978
26,Rakel,Pascall,rpascallp@mapquest.com,Female,18,07-11-2023,Zambia,,27-01-1993
27,Pancho,Birbeck,pbirbeckq@msn.com,Male,29,23-04-2023,Kosovo,,01-12-1978
28,Bobina,Kasparski,bkasparskir@ucla.edu,Female,41,25-04-2023,Philippines,,21-02-1990
29,Robbin,McVitie,rmcvities@msu.edu,Female,60,20-10-2023,France,Île-de-France,07-01-1981
30,Elisa,Ternault,eternaultt@freewebs.com,Female,51,26-04-2023,Nepal,,04-06-1995
31,Marillin,Bertram,mbertramu@freewebs.com,Female,20,26-02-2024,Philippines,,19-05-1986
32,Leesa,Wearden,lweardenv@samsung.com,Agender,26,10-11-2023,Tunisia,,13-12-1979
33,Hadley,Buckingham,hbuckinghamw@stanford.edu,Male,39,04-02-2024,Philippines,,11-04-1999
34,Phyllys,Doolan,pdoolanx@china.com.cn,Female,41,17-07-2023,China,,11-03-1979
35,Vere,Ameer-Beg,vameerbegy@facebook.com,Female,22,26-05-2023,Peru,,15-03-1991
36,Faustine,Dei,fdeiz@i2i.jp,Female,39,20-09-2023,Malaysia,Kuala Lumpur,28-08-1999
37,Dionisio,Nieass,dnieass10@deliciousdays.com,Male,44,19-10-2023,China,,13-06-1993
38,Junina,Stockill,jstockill11@google.com.au,Female,59,25-10-2023,Honduras,,10-07-1978
39,Bran,Surgison,bsurgison12@ebay.co.uk,Non-binary,18,31-10-2023,Portugal,Ilha de São Miguel,12-10-1986
40,Avrit,Gamble,agamble13@addthis.com,Female,36,04-02-2024,Russia,,09-10-1993
41,Orville,Russell,orussell14@typepad.com,Male,31,22-04-2023,Peru,,05-05-1990
42,Adolpho,Troake,atroake15@admin.ch,Male,49,04-04-2023,China,,30-10-1995
43,Roldan,Dufer,rdufer16@cmu.edu,Male,59,23-10-2023,China,,06-09-1989
44,Richmond,De Souza,rdesouza17@a8.net,Male,49,08-09-2023,China,,29-11-1983
45,Boonie,Caverhill,bcaverhill18@gravatar.com,Male,59,18-05-2023,United States,Virginia,29-12-1987
46,Chad,Oxbrough,coxbrough19@amazon.com,Female,53,17-04-2023,China,,21-01-1990
47,Latrena,Pauwel,lpauwel1a@npr.org,Female,37,12-12-2023,Morocco,,01-11-1980
48,Luke,Babb,lbabb1b@ask.com,Genderfluid,42,03-07-2023,Brazil,,02-10-1997
49,Erich,Snodden,esnodden1c@ucla.edu,Male,46,13-02-2024,United States,Texas,29-04-1986
50,Elsinore,Tuxsell,etuxsell1d@springer.com,Female,26,16-04-2023,Indonesia,,11-04-1978
51,Dall,oldey,doldey1e@microsoft.com,Male,37,06-06-2023,Portugal,Santarém,29-01-1999
52,Salmon,Smuth,ssmuth1f@woothemes.com,Male,42,26-02-2024,China,,21-06-1994
53,Bambie,Daines,bdaines1g@cocolog-nifty.com,Female,33,13-12-2023,Russia,,01-09-1987
54,Vickie,Meadway,vmeadway1h@umn.edu,Female,18,17-12-2023,Ethiopia,,19-07-1993
55,Reilly,Le Clercq,rleclercq1i@china.com.cn,Genderfluid,26,16-03-2023,Colombia,,14-07-1978
56,Hyacinthie,Jennery,hjennery1j@wikia.com,Female,19,17-02-2024,Portugal,Leiria,06-01-1989
57,Olenka,Higbin,ohigbin1k@yelp.com,Female,57,28-05-2023,China,,29-06-1983
58,Arron,Avramovic,aavramovic1l@elegantthemes.com,Agender,58,21-02-2024,Portugal,Santarém,14-08-1984
59,Garek,Rubert,grubert1m@china.com.cn,Male,30,05-11-2023,Palestinian Territory,,30-04-1978
60,Leora,Shah,lshah1n@psu.edu,Non-binary,43,23-01-2024,Sweden,Stockholm,18-11-1995
61,Garry,Blogg,gblogg1o@oaic.gov.au,Male,29,02-06-2023,Pakistan,,09-02-1985
62,Andie,Junifer,ajunifer1p@facebook.com,Male,40,20-09-2023,Czech Republic,,01-08-1995
63,Shannon,Slyde,sslyde1q@123-reg.co.uk,Female,47,22-11-2023,China,,20-05-1988
64,Ollie,Pallatina,opallatina1r@arizona.edu,Female,30,22-05-2023,New Zealand,,30-08-1989
65,Nap,Goward,ngoward1s@indiatimes.com,Male,60,13-12-2023,China,,17-01-1990
66,Carmelina,Napoli,cnapoli1t@aboutads.info,Female,26,10-07-2023,France,Haute-Normandie,23-11-1996
67,Gibbie,Colls,gcolls1u@github.com,Male,40,15-10-2023,China,,21-03-1990
68,Emmaline,Gracey,egracey1v@tripod.com,Female,28,19-02-2024,Indonesia,,04-01-1988
69,Neysa,Sambedge,nsambedge1w@nytimes.com,Female,48,21-11-2023,China,,28-02-1998
70,Felicio,Keaves,fkeaves1x@smh.com.au,Male,51,18-12-2023,Indonesia,,26-08-1992
71,Clayson,Olfert,colfert1y@pen.io,Male,21,27-04-2023,Philippines,,30-07-1994
72,Frans,Epinoy,fepinoy1z@washington.edu,Non-binary,22,03-12-2023,France,Île-de-France,15-03-1981
73,Virge,Purry,vpurry20@yolasite.com,Male,46,04-07-2023,China,,15-03-1994
74,Della,Josephs,djosephs21@washington.edu,Female,23,28-05-2023,Palau,,30-06-1997
75,Sigmund,Monkhouse,smonkhouse22@sitemeter.com,Male,30,27-09-2023,China,,08-08-1979
76,Garvin,Ghilks,gghilks23@rambler.ru,Male,30,26-05-2023,Samoa,,14-03-1980
77,Wake,Dayce,wdayce24@nature.com,Male,44,22-05-2023,Ireland,,29-07-1979
78,Jeno,Pavlishchev,jpavlishchev25@marriott.com,Male,20,26-09-2023,Argentina,,26-03-1981
79,Mord,Kenshole,mkenshole26@slideshare.net,Male,55,12-12-2023,Samoa,,14-06-1995
80,Bennie,Paice,bpaice27@abc.net.au,Male,19,08-08-2023,North Korea,,18-06-1980
81,Damon,Tinwell,dtinwell28@odnoklassniki.ru,Male,20,14-05-2023,Portugal,Aveiro,29-06-1996
82,Kilian,Rassmann,krassmann29@over-blog.com,Male,46,12-06-2023,United States,North Carolina,19-11-1998
83,Hart,Leidecker,hleidecker2a@cisco.com,Male,37,04-02-2024,Pitcairn,,06-11-1984
84,Veronike,Kimberley,vkimberley2b@zdnet.com,Female,60,04-02-2024,Indonesia,,24-02-1993
85,Evvie,Pigrome,epigrome2c@usgs.gov,Female,23,24-12-2023,China,,03-01-1980
86,Jackson,Cockman,jcockman2d@dagondesign.com,Male,51,03-04-2023,Poland,,06-11-1988
87,Michail,Abramowsky,mabramowsky2e@networkadvertising.org,Male,34,15-10-2023,China,,09-10-1997
88,Murielle,McCree,mmccree2f@columbia.edu,Female,44,14-04-2023,Vietnam,,04-07-1998
89,Drusi,Sturmey,dsturmey2g@jigsy.com,Female,46,18-05-2023,China,,28-10-1987
90,Merissa,Panketh,mpanketh2h@chron.com,Female,19,17-10-2023,France,Pays de la Loire,08-07-1993
91,Jasmin,Dewing,jdewing2i@woothemes.com,Female,56,28-12-2023,China,,02-05-1998
92,Aeriell,Tzuker,atzuker2j@odnoklassniki.ru,Female,31,11-10-2023,Czech Republic,,28-04-1990
93,Verile,Legg,vlegg2k@imdb.com,Female,45,08-09-2023,Mali,,02-06-1997
94,Lindy,Sevitt,lsevitt2l@msu.edu,Male,44,26-07-2023,Peru,,23-03-1981
95,Casper,Turmell,cturmell2m@vkontakte.ru,Polygender,60,04-12-2023,Israel,,27-10-1985
96,Arron,Litchmore,alitchmore2n@yellowbook.com,Genderqueer,41,15-02-2024,Vietnam,,25-01-2000
97,Bartram,Fiander,bfiander2o@w3.org,Male,34,20-05-2023,Madagascar,,25-07-1984
98,Gare,Merigon,gmerigon2p@ask.com,Male,27,12-12-2023,Philippines,,11-06-1984
99,Robinet,Menico,rmenico2q@house.gov,Male,43,03-09-2023,Poland,,02-04-1987
100,Nicky,Wallace,nwallace2r@php.net,Male,25,06-08-2023,Japan,,19-06-1998
101,Floria,Pearne,fpearne2s@mysql.com,Female,24,13-09-2023,China,,06-07-1987
102,Elyssa,De Ferrari,edeferrari2t@google.co.jp,Female,29,15-04-2023,China,,15-10-1990
103,Davidde,Welldrake,dwelldrake2u@topsy.com,Male,48,21-04-2023,Czech Republic,,22-09-1983
104,Jacqui,Dyte,jdyte2v@icio.us,Female,40,21-12-2023,Philippines,,28-10-1999
105,Mark,Biddy,mbiddy2w@wikimedia.org,Male,49,13-06-2023,France,Provence-Alpes-Côte d'Azur,28-07-1990
106,Amy,Tommasetti,atommasetti2x@imageshack.us,Female,51,03-03-2023,Russia,,07-08-1988
107,Art,McCray,amccray2y@google.ca,Bigender,49,24-10-2023,United States,Ohio,14-08-1994
108,Geoff,Arnaud,garnaud2z@pcworld.com,Male,39,10-03-2023,Indonesia,,30-12-1989
109,Vinita,Townes,vtownes30@buzzfeed.com,Female,53,11-02-2024,China,,28-02-1989
110,Cosme,Paulisch,cpaulisch31@dion.ne.jp,Male,50,19-12-2023,Gabon,,25-03-1979
111,Mala,Bilsford,mbilsford32@bandcamp.com,Female,24,19-12-2023,Venezuela,,27-04-1979
112,Marleah,Chaise,mchaise33@lycos.com,Female,22,29-09-2023,Portugal,Setúbal,21-03-1992
113,Abagail,Allridge,aallridge34@nasa.gov,Female,36,10-03-2023,Japan,,01-10-1987
114,Tomasine,Matuskiewicz,tmatuskiewicz35@blogger.com,Female,47,22-12-2023,Indonesia,,01-04-1999
115,Prudy,Anstey,panstey36@unblog.fr,Female,49,27-06-2023,Portugal,Porto,04-10-1987
116,Aloisia,Lomasney,alomasney37@engadget.com,Female,59,19-05-2023,Indonesia,,25-06-1982
117,Karee,Ferreo,kferreo38@topsy.com,Female,43,25-09-2023,Thailand,,01-08-1978
118,Shelli,Bierling,sbierling39@mediafire.com,Agender,37,04-12-2023,Ghana,,02-12-1989
119,Nathanil,MacDonough,nmacdonough3a@stumbleupon.com,Male,51,26-01-2024,United States,Wisconsin,10-06-1997
120,Carmon,Acomb,cacomb3b@constantcontact.com,Female,52,14-02-2024,Indonesia,,20-08-1993
121,Enrika,MacLise,emaclise3c@guardian.co.uk,Female,46,23-12-2023,Indonesia,,21-12-1988
122,Malachi,Benallack,mbenallack3d@friendfeed.com,Male,48,18-06-2023,China,,14-12-1992
123,Lora,Slisby,lslisby3e@unblog.fr,Female,56,30-01-2024,Sweden,Stockholm,07-01-1979
124,Aldis,Yellowlees,ayellowlees3f@bloglovin.com,Male,51,30-12-2023,Portugal,Beja,14-12-1996
125,Maury,Easman,measman3g@state.gov,Male,30,08-08-2023,Poland,,04-05-1987
126,Vernon,Ingerfield,vingerfield3h@imageshack.us,Male,45,16-04-2023,Russia,,22-04-1990
127,Duffie,Londer,dlonder3i@addtoany.com,Male,27,13-05-2023,Canada,Alberta,18-09-1996
128,Arron,Boxhill,aboxhill3j@goo.gl,Male,55,16-10-2023,Colombia,,13-08-1987
129,Leland,Willets,lwillets3k@tripod.com,Male,46,12-06-2023,United States,Kansas,20-03-1991
130,Dotti,Richin,drichin3l@1und1.de,Female,27,31-08-2023,Tunisia,,24-11-1980
131,Sheeree,Trayte,strayte3m@salon.com,Female,20,26-05-2023,China,,02-11-1998
132,Kayley,Andor,kandor3n@businessweek.com,Female,19,19-09-2023,Poland,,10-12-1989
133,Maitilde,Louthe,mlouthe3o@blogs.com,Female,20,16-12-2023,Mexico,Oaxaca,16-09-1986
134,Gerladina,Juliff,gjuliff3p@ucoz.ru,Female,51,02-08-2023,Mexico,Mexico,14-10-1988
135,Kincaid,Bartos,kbartos3q@wufoo.com,Male,18,27-08-2023,China,,10-11-1987
136,Tull,Applewhaite,tapplewhaite3r@ezinearticles.com,Male,19,05-08-2023,Guatemala,,22-10-1980
137,Phyllys,Whyffen,pwhyffen3s@amazon.co.jp,Female,18,26-09-2023,China,,11-12-1983
138,Egbert,Gawke,egawke3t@disqus.com,Male,31,27-01-2024,Vietnam,,29-01-1982
139,Isaac,Denisard,idenisard3u@wikispaces.com,Male,25,08-04-2023,Venezuela,,20-04-1996
140,Clarke,Frapwell,cfrapwell3v@github.io,Male,22,16-08-2023,Russia,,27-10-1984
141,Rey,Blacker,rblacker3w@technorati.com,Male,29,30-03-2023,Indonesia,,13-10-1987
142,Evania,Dewey,edewey3x@cnet.com,Female,39,25-09-2023,Brazil,,11-02-1998
143,Sarette,Hardingham,shardingham3y@elegantthemes.com,Female,50,26-05-2023,Colombia,,16-04-1990
144,Frederico,Helder,fhelder3z@constantcontact.com,Male,51,08-04-2023,China,,03-01-2000
145,Ewan,Castana,ecastana40@networksolutions.com,Male,36,11-07-2023,Indonesia,,13-07-1998
146,Etan,Ritmeier,eritmeier41@ox.ac.uk,Male,59,04-03-2023,China,,01-06-1993
147,Feodor,Dahlgren,fdahlgren42@stumbleupon.com,Male,45,15-10-2023,Poland,,14-02-1999
148,Nickolas,Apperley,napperley43@google.co.uk,Male,49,13-07-2023,Benin,,18-05-1993
149,Shelia,FitzGeorge,sfitzgeorge44@psu.edu,Female,55,30-03-2023,Portugal,Évora,06-04-1997
150,Annabella,Latchford,alatchford45@flickr.com,Female,45,21-11-2023,China,,15-06-1990
151,Devina,Vernall,dvernall46@ucoz.com,Female,42,19-08-2023,Bosnia and Herzegovina,,07-08-1984
152,Rhetta,Vankeev,rvankeev47@marriott.com,Female,57,23-01-2024,Macedonia,,20-04-1997
153,Andrei,Scambler,ascambler48@sina.com.cn,Female,37,02-03-2023,Indonesia,,15-09-1980
154,Gabbie,d' Elboux,gdelboux49@prnewswire.com,Male,46,12-08-2023,Nigeria,,02-04-1979
155,Tammie,Mabbett,tmabbett4a@who.int,Male,37,25-05-2023,Jamaica,,18-01-1988
156,Andra,Brigden,abrigden4b@yellowpages.com,Female,60,27-03-2023,Indonesia,,26-09-1986
157,Sax,Lukesch,slukesch4c@g.co,Male,56,28-09-2023,Indonesia,,15-11-1982
158,Gerda,Cano,gcano4d@mapy.cz,Female,49,07-07-2023,Philippines,,14-04-1978
159,Letta,Georgius,lgeorgius4e@eepurl.com,Female,24,02-02-2024,Dominican Republic,,04-11-1980
160,Myrtle,Kaye,mkaye4f@livejournal.com,Female,23,10-07-2023,China,,31-03-1993
161,Maximo,Kilban,mkilban4g@wordpress.org,Male,35,21-02-2024,Poland,,26-06-1999
162,Ervin,Rampton,erampton4h@unc.edu,Genderfluid,41,05-12-2023,Ukraine,,06-11-1988
163,Pearline,Beeckx,pbeeckx4i@liveinternet.ru,Female,24,08-07-2023,Philippines,,11-01-1990
164,Mariquilla,Caris,mcaris4j@1688.com,Female,42,15-09-2023,Argentina,,16-11-1980
165,Griswold,Filson,gfilson4k@aboutads.info,Male,29,26-05-2023,Philippines,,14-03-1994
166,Rosaleen,Huey,rhuey4l@imageshack.us,Female,43,10-06-2023,Nicaragua,,12-11-1990
167,Dinny,Ollie,dollie4m@twitpic.com,Female,32,21-05-2023,China,,14-09-1998
168,Nathanael,Gothup,ngothup4n@deliciousdays.com,Male,60,15-07-2023,China,,10-01-1990
169,Almeda,Puttnam,aputtnam4o@1und1.de,Agender,18,19-07-2023,Brazil,,21-01-1987
170,Rafaello,Curwen,rcurwen4p@google.com.au,Male,33,22-01-2024,United States,California,17-05-1990
171,Anett,Pethick,apethick4q@blogtalkradio.com,Female,26,14-01-2024,Norway,Oslo,26-11-1987
172,Ruth,Gilhouley,rgilhouley4r@wunderground.com,Female,37,12-12-2023,Vietnam,,06-08-1998
173,Emmy,Sharpin,esharpin4s@cbslocal.com,Male,38,26-05-2023,Norway,Oslo,04-12-1986
174,Elwira,McKearnen,emckearnen4t@hibu.com,Female,26,22-07-2023,Benin,,01-02-1979
175,Redford,Gross,rgross4u@so-net.ne.jp,Male,46,16-04-2023,Portugal,Ilha da Madeira,24-01-1985
176,Cyrus,Winsper,cwinsper4v@prlog.org,Male,51,04-10-2023,China,,14-01-1996
177,Jenni,Phipson,jphipson4w@soundcloud.com,Female,50,04-08-2023,Indonesia,,29-05-1986
178,Dalenna,Marielle,dmarielle4x@nytimes.com,Female,55,13-12-2023,Brazil,,17-11-1987
179,Gino,Millsap,gmillsap4y@trellian.com,Male,58,30-10-2023,Indonesia,,23-10-1993
180,Frannie,Bruniges,fbruniges4z@ucoz.com,Female,23,10-09-2023,France,Franche-Comté,22-05-1992
181,Donn,Blazi,dblazi50@ed.gov,Male,23,09-07-2023,Brazil,,11-05-1996
182,Warde,Screaton,wscreaton51@washington.edu,Male,21,16-12-2023,Indonesia,,11-07-1982
183,Mark,Le Pruvost,mlepruvost52@cdc.gov,Male,56,13-02-2024,France,Rhône-Alpes,17-09-1990
184,Rebbecca,Corkell,rcorkell53@businesswire.com,Female,20,29-02-2024,China,,26-02-1992
185,Dev,Cunney,dcunney54@multiply.com,Male,45,09-09-2023,Poland,,18-10-1983
186,Kerby,O'Sesnane,kosesnane55@reuters.com,Male,25,17-03-2023,China,,16-06-1994
187,Ripley,Aveling,raveling56@ow.ly,Male,37,03-01-2024,China,,21-10-1978
188,Mira,Cleland,mcleland57@shareasale.com,Female,55,28-06-2023,Indonesia,,12-03-1982
189,Madeleine,Housley,mhousley58@de.vu,Female,55,04-09-2023,France,Auvergne,28-04-1981
190,Hephzibah,Cudmore,hcudmore59@devhub.com,Female,38,29-01-2024,France,Rhône-Alpes,17-09-1989
191,Anatollo,Gramer,agramer5a@gmpg.org,Male,20,29-10-2023,Colombia,,16-08-1984
192,Mariann,Micklewicz,mmicklewicz5b@slate.com,Female,37,03-06-2023,Albania,,23-05-1985
193,Opal,Drinkhill,odrinkhill5c@squidoo.com,Female,54,15-06-2023,Latvia,,26-04-1987
194,Zea,Ramsdell,zramsdell5d@un.org,Female,48,30-06-2023,China,,25-08-1984
195,Amie,Pitrelli,apitrelli5e@digg.com,Female,46,30-11-2023,United States,Florida,18-01-1979
196,Roma,Dorwood,rdorwood5f@netlog.com,Male,22,02-12-2023,Thailand,,02-04-1993
197,Brandise,Kinforth,bkinforth5g@delicious.com,Female,22,14-12-2023,Russia,,20-05-1982
198,Bernelle,Garaway,bgaraway5h@forbes.com,Female,20,18-11-2023,Syria,,17-04-1989
199,Dan,Beining,dbeining5i@nps.gov,Male,34,16-08-2023,Burkina Faso,,15-07-1986
200,Uriah,Trudgeon,utrudgeon5j@canalblog.com,Male,50,17-08-2023,Norway,Buskerud,05-04-1985
